Geo_FIPS,Geo_QName,Geo_STUSAB,Geo_SUMLEV,Geo_GEOCOMP,Geo_US,Geo_REGION,Geo_DIVISION,Geo_STATE,Geo_COUNTY,Geo_COUSUB,Geo_PLACE,Geo_TRACT,Geo_BLKGRP,Geo_CONCIT,Geo_AIANHH,Geo_AIANHHFP,Geo_AIHHTLI,Geo_AITS,Geo_ANRC,Geo_CBSA,Geo_CSA,Geo_METDIV,Geo_MACC,Geo_MEMI,Geo_NECTA,Geo_CNECTA,Geo_NECTADIV,Geo_UA,Geo_CDCURR,Geo_SLDU,Geo_SLDL,Geo_ZCTA3,Geo_ZCTA5,Geo_SUBMCD,Geo_SDELM,Geo_SDSEC,Geo_SDUNI,Geo_UR,Geo_PCI,Geo_PUMA5,Geo_NAME,Geo_BTTR,Geo_BTBG,Geo_PLACESE,SE_A10057_001,SE_A10047_001,SE_A10047_002,SE_A10047_003,SE_A10047_004,SE_A10044_001,SE_A10044_002,SE_A10044_003,SE_A10060_001,SE_A10060_002,SE_A10060_003,SE_A10001_001,SE_A14024_001,SE_A00002_001,SE_A00002_002,SE_A00002_003,SE_A10003B_001,SE_A17005_001,SE_A17005_002,SE_A17005_003,SE_A10059B_001,SE_A10059B_002,SE_A10059B_003,SE_A10059B_004,SE_A10059B_005,SE_A10059B_006,SE_A10059B_007,SE_A10059B_008,SE_A10059B_009,SE_A10059B_010,SE_A10059B_011,SE_A10056B_001,SE_A10056B_002,SE_A10056B_003,SE_A10056B_004,SE_A10056B_005,SE_A10056B_006,SE_A10056B_007,SE_A10046B_001,SE_A10046B_002,SE_A10046B_003,SE_A10046B_004,SE_A10046B_005,SE_A10046B_006,SE_A10043B_001,SE_A10043B_002,SE_A10043B_003,SE_A10043B_004,SE_A10043B_005,SE_A10043B_006,SE_A10043B_007,SE_A10043B_008,SE_A10043B_009,SE_A10043B_010,SE_A10042B_001,SE_A10042B_002,SE_A10042B_003,SE_A10042B_004,SE_A10042B_005,SE_A10042B_006,SE_A10042B_007,SE_A10054B_001,SE_A10054B_002,SE_A10054B_003,SE_A10054B_004,SE_A10054B_005,SE_A10054B_006,SE_A10054B_007
"361090001001","Block Group 1, Census Tract 1, Tompkins County, New York","ny","150","00",,,,"36","109",,,"000100","1",,,,,,,,,,,,,,,,,,,,,,,,,,,,"Block Group 1",,,,1993,104,0,0,104,1056,952,104,952,26,926,1056,54824,1221,13065.94,0.0934490816173666,1.24,811,772,39,926,0,222,149,177,112,6,41,35,23,161,926,218,433,257,3,0,15,926,597,329,0,0,0,926,207,259,211,139,44,34,0,21,11,926,232,460,152,50,0,32,926,381,461,39,21,24,0
"361090001002","Block Group 2, Census Tract 1, Tompkins County, New York","ny","150","00",,,,"36","109",,,"000100","2",,,,,,,,,,,,,,,,,,,,,,,,,,,,"Block Group 2",,,,1961,62,0,0,62,571,509,62,509,10,499,571,30439,663,6398.606,0.103616310191399,1.28,397,377,20,499,0,42,31,99,20,83,12,11,29,172,499,44,225,207,0,23,0,499,420,79,0,0,0,499,49,121,43,220,20,31,0,0,15,499,90,217,157,20,0,15,499,186,297,16,0,0,0
"361090002011","Block Group 1, Census Tract 2.01, Tompkins County, New York","ny","150","00",,,,"36","109",,,"000201","1",,,,,,,,,,,,,,,,,,,,,,,,,,,,"Block Group 1",,,,1995,109,0,0,109,1039,930,109,930,0,930,1039,17483,1684,71402.33,0.0235846652571363,1.81,985,985,0,930,0,184,90,392,48,64,0,73,0,79,930,184,517,201,0,28,0,930,413,427,90,0,0,930,26,14,259,256,81,0,21,212,61,930,26,81,511,64,187,61,930,424,405,37,0,43,21
"361090002012","Block Group 2, Census Tract 2.01, Tompkins County, New York","ny","150","00",,,,"36","109",,,"000201","2",,,,,,,,,,,,,,,,,,,,,,,,,,,,"Block Group 2",,,,1991,34,0,0,34,354,320,34,320,0,320,354,6150,1326,36675.82,0.0361546076661359,2.46,428,428,0,320,0,12,32,141,22,0,0,71,0,42,320,12,238,70,0,0,0,320,119,201,0,0,0,320,22,0,138,12,59,89,0,0,0,320,22,63,190,12,33,0,320,169,151,0,0,0,0
"361090002021","Block Group 1, Census Tract 2.02, Tompkins County, New York","ny","150","00",,,,"36","109",,,"000202","1",,,,,,,,,,,,,,,,,,,,,,,,,,,,"Block Group 1",,,,1938,148,41,0,107,602,454,148,454,112,342,602,16669,1281,18926.7,0.0676821668671824,2.83,660,660,0,342,0,9,7,53,28,25,0,22,0,198,342,54,150,124,0,14,0,342,130,212,0,0,0,342,28,36,13,107,14,9,0,0,135,342,28,57,113,63,27,54,342,75,96,54,63,54,0
"361090002022","Block Group 2, Census Tract 2.02, Tompkins County, New York","ny","150","00",,,,"36","109",,,"000202","2",,,,,,,,,,,,,,,,,,,,,,,,,,,,"Block Group 2",,,,1938,101,0,0,101,443,342,101,342,82,260,443,35491,454,10765.73,0.0421708517568421,1.35,281,258,23,260,0,0,0,0,0,45,0,40,0,175,260,65,77,118,0,0,0,260,210,50,0,0,0,260,0,115,0,109,24,0,0,0,12,260,0,179,69,0,12,0,260,98,126,24,0,0,12
"361090003001","Block Group 1, Census Tract 3, Tompkins County, New York","ny","150","00",,,,"36","109",,,"000300","1",,,,,,,,,,,,,,,,,,,,,,,,,,,,"Block Group 1",,,,1959,0,0,0,0,214,214,0,214,76,138,214,6731,3069,2044.385,1.50118533367722,2.72,1064,984,80,138,0,0,4,74,11,0,4,7,0,38,138,15,64,27,11,21,0,138,81,47,0,0,10,138,10,0,19,48,34,6,0,11,10,138,10,9,73,42,4,0,138,85,18,35,0,0,0
"361090004001","Block Group 1, Census Tract 4, Tompkins County, New York","ny","150","00",,,,"36","109",,,"000400","1",,,,,,,,,,,,,,,,,,,,,,,,,,,,"Block Group 1",,,,1984,7,0,0,7,294,287,7,287,54,233,294,9406,4474,2891.333,1.54738284501704,2.62,1129,1118,11,233,0,15,9,46,71,9,29,37,17,0,233,23,130,80,0,0,0,233,121,85,27,0,0,233,3,64,73,64,10,11,0,2,6,233,3,72,145,7,0,6,233,81,136,16,0,0,0
"361090005001","Block Group 1, Census Tract 5, Tompkins County, New York","ny","150","00",,,,"36","109",,,"000500","1",,,,,,,,,,,,,,,,,,,,,,,,,,,,"Block Group 1",,,,1966,87,33,0,54,676,589,87,589,376,213,676,46793,1337,1632.442,0.819018466494825,1.86,723,708,15,213,0,0,38,44,32,44,32,23,0,0,213,9,88,91,25,0,0,213,117,96,0,0,0,213,0,15,52,58,30,8,34,0,16,213,0,45,86,66,0,16,213,4,157,36,16,0,0
"361090005002","Block Group 2, Census Tract 5, Tompkins County, New York","ny","150","00",,,,"36","109",,,"000500","2",,,,,,,,,,,,,,,,,,,,,,,,,,,,"Block Group 2",,,,1976,48,0,0,48,643,595,48,595,244,351,643,86808,1246,4073.809,0.30585624334939,1.49,665,647,18,351,0,19,0,78,74,108,50,0,18,4,351,66,94,143,47,1,0,351,244,107,0,0,0,351,15,54,106,86,45,38,7,0,0,351,15,125,203,8,0,0,351,79,181,91,0,0,0
"361090005003","Block Group 3, Census Tract 5, Tompkins County, New York","ny","150","00",,,,"36","109",,,"000500","3",,,,,,,,,,,,,,,,,,,,,,,,,,,,"Block Group 3",,,,1969,27,22,0,5,852,825,27,825,390,435,852,50877,1856,2033.831,0.912563687553765,1.41,1003,963,40,435,0,0,14,82,41,120,148,30,0,0,435,27,297,105,0,0,6,435,314,110,5,0,6,435,56,92,118,117,20,5,18,0,9,435,56,222,117,22,0,18,435,104,293,38,0,0,0
"361090006001","Block Group 1, Census Tract 6, Tompkins County, New York","ny","150","00",,,,"36","109",,,"000600","1",,,,,,,,,,,,,,,,,,,,,,,,,,,,"Block Group 1",,,,1984,41,0,0,41,807,766,41,766,338,428,807,95586,1447,2234.829,0.647476745066,1.47,697,697,0,428,0,12,44,179,36,18,14,48,49,28,428,54,157,186,7,12,12,428,323,105,0,0,0,428,77,100,51,100,27,25,48,0,0,428,77,158,145,0,48,0,428,108,278,42,0,0,0
"361090006002","Block Group 2, Census Tract 6, Tompkins County, New York","ny","150","00",,,,"36","109",,,"000600","2",,,,,,,,,,,,,,,,,,,,,,,,,,,,"Block Group 2",,,,1953,121,66,0,55,538,417,121,417,230,187,538,44628,1278,3146.383,0.406180646396817,1.65,576,553,23,187,0,0,19,0,34,29,10,75,20,0,187,23,111,34,0,6,13,187,128,59,0,0,0,187,29,16,10,50,20,62,0,0,0,187,29,29,47,82,0,0,187,87,80,20,0,0,0
"361090006003","Block Group 3, Census Tract 6, Tompkins County, New York","ny","150","00",,,,"36","109",,,"000600","3",,,,,,,,,,,,,,,,,,,,,,,,,,,,"Block Group 3",,,,1972,17,17,0,0,320,303,17,303,18,285,320,27067,1045,8597.013,0.12155384503712,1.97,471,416,55,285,0,0,26,37,0,128,53,0,0,41,285,27,99,81,78,0,0,285,110,175,0,0,0,285,26,0,73,145,0,0,41,0,0,285,26,110,0,149,0,0,285,131,99,0,55,0,0
"361090006004","Block Group 4, Census Tract 6, Tompkins County, New York","ny","150","00",,,,"36","109",,,"000600","4",,,,,,,,,,,,,,,,,,,,,,,,,,,,"Block Group 4",,,,1964,115,56,0,59,633,518,115,518,445,73,633,107446,1265,521.5571,2.42542938422881,1.21,749,746,3,73,0,0,0,22,22,0,10,19,0,0,73,0,32,22,0,19,0,73,51,22,0,0,0,73,0,0,32,41,0,0,0,0,0,73,0,32,41,0,0,0,73,0,51,22,0,0,0
"361090007001","Block Group 1, Census Tract 7, Tompkins County, New York","ny","150","00",,,,"36","109",,,"000700","1",,,,,,,,,,,,,,,,,,,,,,,,,,,,"Block Group 1",,,,1974,62,20,0,42,914,852,62,852,109,743,914,20819,1344,8196.3,0.163976435412056,1.34,674,622,52,743,0,0,0,76,206,199,16,46,0,200,743,38,521,173,11,0,0,743,514,229,0,0,0,743,0,46,113,302,94,30,41,27,90,743,0,232,68,285,0,158,743,321,236,148,38,0,0
"361090007002","Block Group 2, Census Tract 7, Tompkins County, New York","ny","150","00",,,,"36","109",,,"000700","2",,,,,,,,,,,,,,,,,,,,,,,,,,,,"Block Group 2",,,,1938,113,75,0,38,913,800,113,800,575,225,913,50459,1514,4294.268,0.352563023458024,1.43,888,862,26,225,0,0,0,0,0,0,0,22,67,136,225,18,115,68,8,0,16,225,187,38,0,0,0,225,0,22,74,46,33,29,21,0,0,225,0,114,54,36,21,0,225,38,115,51,21,0,0
"361090007003","Block Group 3, Census Tract 7, Tompkins County, New York","ny","150","00",,,,"36","109",,,"000700","3",,,,,,,,,,,,,,,,,,,,,,,,,,,,"Block Group 3",,,,1938,23,0,0,23,639,616,23,616,295,321,639,53547,1157,12364.32,0.0935757231307635,1.45,704,704,0,321,0,0,0,0,12,0,20,38,22,229,321,29,102,182,0,8,0,321,280,41,0,0,0,321,7,31,43,128,36,56,20,0,0,321,7,160,84,62,8,0,321,62,214,21,16,8,0
"361090008001","Block Group 1, Census Tract 8, Tompkins County, New York","ny","150","00",,,,"36","109",,,"000800","1",,,,,,,,,,,,,,,,,,,,,,,,,,,,"Block Group 1",,,,1938,116,0,0,116,729,613,116,613,188,425,729,33094,1164,3351.68,0.347288481645475,1.85,771,696,75,425,0,87,19,19,0,65,73,0,9,153,425,36,142,177,13,55,2,425,276,140,9,0,0,425,55,62,64,2,72,73,27,3,67,425,55,97,96,96,81,0,425,82,264,79,0,0,0
"361090008002","Block Group 2, Census Tract 8, Tompkins County, New York","ny","150","00",,,,"36","109",,,"000800","2",,,,,,,,,,,,,,,,,,,,,,,,,,,,"Block Group 2",,,,1938,22,8,0,14,824,802,22,802,238,564,824,37783,1463,10209.52,0.1432975751239,1.52,1150,1125,25,564,0,67,0,3,0,54,53,63,0,324,564,109,166,261,14,0,14,564,370,194,0,0,0,564,45,119,120,76,123,5,76,0,0,564,129,166,126,129,14,0,564,182,249,133,0,0,0
"361090009001","Block Group 1, Census Tract 9, Tompkins County, New York","ny","150","00",,,,"36","109",,,"000900","1",,,,,,,,,,,,,,,,,,,,,,,,,,,,"Block Group 1",,,,1975,52,0,29,23,824,772,52,772,355,417,824,48805,1592,325.2277,4.89503194609396,1.68,646,637,9,417,0,99,151,45,12,26,68,0,0,16,417,26,154,184,53,0,0,417,371,46,0,0,0,417,10,39,127,161,51,27,0,0,2,417,10,160,209,38,0,0,417,154,186,50,27,0,0
"361090009002","Block Group 2, Census Tract 9, Tompkins County, New York","ny","150","00",,,,"36","109",,,"000900","2",,,,,,,,,,,,,,,,,,,,,,,,,,,,"Block Group 2",,,,1976,0,0,0,0,963,963,0,963,762,201,963,57250,2096,900.966,2.32639185973062,1.77,1135,1040,95,201,0,22,0,15,39,5,107,0,0,13,201,13,99,18,59,12,0,201,141,60,0,0,0,201,0,39,48,74,12,15,13,0,0,201,0,77,100,24,0,0,201,44,132,25,0,0,0
"361090009003","Block Group 3, Census Tract 9, Tompkins County, New York","ny","150","00",,,,"36","109",,,"000900","3",,,,,,,,,,,,,,,,,,,,,,,,,,,,"Block Group 3",,,,1955,46,11,35,0,442,396,46,396,236,160,442,46373,699,304.383,2.29644886385574,1.51,347,347,0,160,0,19,0,0,11,29,13,41,12,35,160,13,43,81,23,0,0,160,113,47,0,0,0,160,36,13,12,57,11,31,0,0,0,160,36,25,68,31,0,0,160,5,121,34,0,0,0
"361090010001","Block Group 1, Census Tract 10, Tompkins County, New York","ny","150","00",,,,"36","109",,,"001000","1",,,,,,,,,,,,,,,,,,,,,,,,,,,,"Block Group 1",,,,1972,145,0,0,145,681,536,145,536,167,369,681,29457,1321,1295.235,1.01989198405552,2.82,805,742,63,369,0,0,0,0,68,132,40,35,0,94,369,24,99,214,16,0,16,369,214,155,0,0,0,369,0,0,92,34,85,84,35,39,0,369,0,74,107,106,82,0,369,58,185,91,35,0,0
"361090010002","Block Group 2, Census Tract 10, Tompkins County, New York","ny","150","00",,,,"36","109",,,"001000","2",,,,,,,,,,,,,,,,,,,,,,,,,,,,"Block Group 2",,,,1976,17,0,0,17,649,632,17,632,472,160,649,40966,1476,136.9547,10.7772839101957,3.32,719,719,0,160,0,0,16,0,0,120,0,0,10,14,160,0,40,94,16,0,10,160,80,80,0,0,0,160,0,40,0,10,80,14,16,0,0,160,0,40,26,94,0,0,160,0,50,110,0,0,0
"361090010003","Block Group 3, Census Tract 10, Tompkins County, New York","ny","150","00",,,,"36","109",,,"001000","3",,,,,,,,,,,,,,,,,,,,,,,,,,,,"Block Group 3",,,,1956,136,0,92,44,1197,1061,136,1061,261,800,1197,38654,2062,9379.91,0.219831520454921,1.5,1142,1068,74,800,0,34,0,58,203,78,26,40,42,319,800,154,257,168,122,39,60,800,750,50,0,0,0,800,0,45,199,162,147,207,27,0,13,800,0,323,205,182,77,13,800,464,190,146,0,0,0
"361090011001","Block Group 1, Census Tract 11, Tompkins County, New York","ny","150","00",,,,"36","109",,,"001100","1",,,,,,,,,,,,,,,,,,,,,,,,,,,,"Block Group 1",,,,1971,73,0,0,73,1533,1460,73,1460,380,1080,1533,28690,2814,951.2947,2.9580739370221,1.8,1743,1541,202,1080,0,208,25,313,0,79,236,80,12,127,1080,160,620,270,30,0,0,1080,390,690,0,0,0,1080,147,42,69,458,286,50,0,0,28,1080,147,126,245,534,0,28,1080,366,87,343,284,0,0
"361090011002","Block Group 2, Census Tract 11, Tompkins County, New York","ny","150","00",,,,"36","109",,,"001100","2",,,,,,,,,,,,,,,,,,,,,,,,,,,,"Block Group 2",,,,1986,54,0,54,0,1115,1061,54,1061,753,308,1115,47905,3116,794.9493,3.91974673241729,2.44,1421,1262,159,308,0,84,0,127,0,53,23,0,21,0,308,17,291,0,0,0,0,308,115,193,0,0,0,308,0,0,0,44,66,58,77,0,63,308,0,0,26,59,173,50,308,0,44,101,100,13,50
"361090012001","Block Group 1, Census Tract 12, Tompkins County, New York","ny","150","00",,,,"36","109",,,"001200","1",,,,,,,,,,,,,,,,,,,,,,,,,,,,"Block Group 1",,,,1963,9,0,0,9,50,41,9,41,23,18,50,3880,3168,6135.242,0.516361079665234,1.67,747,745,2,18,0,0,8,0,0,0,0,0,0,10,18,0,18,0,0,0,0,18,18,0,0,0,0,18,0,0,0,18,0,0,0,0,0,18,0,8,10,0,0,0,18,10,0,8,0,0,0
"361090013011","Block Group 1, Census Tract 13.01, Tompkins County, New York","ny","150","00",,,,"36","109",,,"001301","1",,,,,,,,,,,,,,,,,,,,,,,,,,,,"Block Group 1",,,,1943,70,0,0,70,882,812,70,812,119,693,882,29680,1208,9113.885,0.132545015652582,1.31,384,369,15,693,0,0,22,175,79,26,0,44,0,347,693,25,178,476,0,14,0,693,501,192,0,0,0,693,0,100,97,77,65,43,0,0,311,693,0,156,121,62,53,301,693,76,153,363,10,91,0
"361090013012","Block Group 2, Census Tract 13.01, Tompkins County, New York","ny","150","00",,,,"36","109",,,"001301","2",,,,,,,,,,,,,,,,,,,,,,,,,,,,"Block Group 2",,,,2004,310,217,0,93,1608,1298,310,1298,553,745,1608,51443,2200,7272.378,0.302514529024845,1.23,1078,1054,24,745,0,412,135,66,82,0,22,0,0,28,745,74,473,176,0,22,0,745,455,245,0,45,0,745,113,234,188,155,0,0,27,0,28,745,113,285,279,68,0,0,745,310,369,66,0,0,0
"361090013021","Block Group 1, Census Tract 13.02, Tompkins County, New York","ny","150","00",,,,"36","109",,,"001302","1",,,,,,,,,,,,,,,,,,,,,,,,,,,,"Block Group 1",,,,1972,53,0,0,53,775,722,53,722,573,149,775,65080,1457,1046.359,1.3924469920324,1.79,853,829,24,149,0,0,0,0,14,53,67,15,0,0,149,0,111,14,24,0,0,149,55,94,0,0,0,149,0,0,0,14,120,0,15,0,0,149,0,0,55,79,15,0,149,24,31,0,79,15,0
"361090013022","Block Group 2, Census Tract 13.02, Tompkins County, New York","ny","150","00",,,,"36","109",,,"001302","2",,,,,,,,,,,,,,,,,,,,,,,,,,,,"Block Group 2",,,,1995,49,0,0,49,437,388,49,388,39,349,437,52927,678,696.9457,0.9728160902676,1.73,363,347,16,349,0,27,49,165,0,57,51,0,0,0,349,54,206,43,0,0,46,349,164,185,0,0,0,349,18,0,101,78,129,0,0,23,0,349,18,101,31,176,23,0,349,148,61,131,9,0,0
"361090013023","Block Group 3, Census Tract 13.02, Tompkins County, New York","ny","150","00",,,,"36","109",,,"001302","3",,,,,,,,,,,,,,,,,,,,,,,,,,,,"Block Group 3",,,,1964,0,0,0,0,384,384,0,384,272,112,384,53175,885,194.0939,4.5596477667078,1.47,385,385,0,112,0,0,38,0,19,0,15,14,0,26,112,57,29,26,0,0,0,112,93,19,0,0,0,112,0,0,34,38,14,0,26,0,0,112,0,53,19,40,0,0,112,15,97,0,0,0,0
"361090014001","Block Group 1, Census Tract 14, Tompkins County, New York","ny","150","00",,,,"36","109",,,"001400","1",,,,,,,,,,,,,,,,,,,,,,,,,,,,"Block Group 1",,,,1973,23,0,0,23,479,456,23,456,176,280,479,43228,914,279.7499,3.26720394071324,1.86,544,500,44,280,0,29,28,32,52,53,50,11,0,25,280,11,41,204,13,0,11,280,168,112,0,0,0,280,23,30,68,51,61,22,0,25,0,280,23,108,78,71,0,0,280,30,168,71,0,11,0
"361090014002","Block Group 2, Census Tract 14, Tompkins County, New York","ny","150","00",,,,"36","109",,,"001400","2",,,,,,,,,,,,,,,,,,,,,,,,,,,,"Block Group 2",,,,1979,148,55,0,93,770,622,148,622,303,319,770,52503,1135,128.3749,8.84129115656134,1.68,752,728,24,319,0,58,30,54,32,50,57,10,0,28,319,48,170,75,16,0,10,319,198,99,0,22,0,319,34,24,58,47,75,43,0,38,0,319,34,29,123,76,29,28,319,0,245,66,8,0,0
"361090014003","Block Group 3, Census Tract 14, Tompkins County, New York","ny","150","00",,,,"36","109",,,"001400","3",,,,,,,,,,,,,,,,,,,,,,,,,,,,"Block Group 3",,,,1979,28,0,0,28,548,520,28,520,390,130,548,73952,1220,145.7318,8.37154380638057,2.01,593,542,51,130,0,43,0,34,0,35,18,0,0,0,130,34,43,11,30,0,12,130,87,43,0,0,0,130,0,12,0,43,45,0,0,0,30,130,0,12,77,11,30,0,130,0,96,34,0,0,0
"361090015001","Block Group 1, Census Tract 15, Tompkins County, New York","ny","150","00",,,,"36","109",,,"001500","1",,,,,,,,,,,,,,,,,,,,,,,,,,,,"Block Group 1",,,,1985,20,0,0,20,1002,982,20,982,340,642,1002,47248,2281,1671.059,1.36500284943405,2.1,1446,1374,72,642,0,18,57,120,151,225,56,15,0,0,642,161,278,186,17,0,0,642,502,113,27,0,0,642,39,65,103,225,111,14,0,85,0,642,39,173,252,178,0,0,642,0,553,89,0,0,0
"361090015002","Block Group 2, Census Tract 15, Tompkins County, New York","ny","150","00",,,,"36","109",,,"001500","2",,,,,,,,,,,,,,,,,,,,,,,,,,,,"Block Group 2",,,,1983,108,0,0,108,1256,1148,108,1148,720,428,1256,53627,2470,218.2402,11.3178068778697,1.35,1326,1255,71,428,53,102,43,0,83,88,54,0,0,5,428,131,112,127,34,7,17,428,309,119,0,0,0,428,36,42,175,112,58,0,5,0,0,428,36,217,119,56,0,0,428,43,344,41,0,0,0
"361090015003","Block Group 3, Census Tract 15, Tompkins County, New York","ny","150","00",,,,"36","109",,,"001500","3",,,,,,,,,,,,,,,,,,,,,,,,,,,,"Block Group 3",,,,1995,113,0,0,113,537,424,113,424,350,74,537,82566,1127,252.6978,4.45987201485103,,651,651,0,74,0,0,0,1,51,22,0,0,0,0,74,0,23,32,19,0,0,74,73,1,0,0,0,74,1,0,32,41,0,0,0,0,0,74,1,51,22,0,0,0,74,19,55,0,0,0,0
"361090016001","Block Group 1, Census Tract 16, Tompkins County, New York","ny","150","00",,,,"36","109",,,"001600","1",,,,,,,,,,,,,,,,,,,,,,,,,,,,"Block Group 1",,,,1973,69,22,0,47,762,693,69,693,500,193,762,45349,1452,109.1937,13.297473192926,2.35,755,744,11,193,0,0,0,120,9,20,12,10,0,22,193,0,111,63,10,0,9,193,82,111,0,0,0,193,0,0,0,120,12,10,22,9,20,193,0,21,10,142,20,0,193,0,37,144,0,12,0
"361090016002","Block Group 2, Census Tract 16, Tompkins County, New York","ny","150","00",,,,"36","109",,,"001600","2",,,,,,,,,,,,,,,,,,,,,,,,,,,,"Block Group 2",,,,1938,33,22,0,11,673,640,33,640,394,246,673,47878,1335,1027.646,1.29908594171093,1.67,594,585,9,246,0,6,5,48,18,32,6,18,0,113,246,0,68,132,36,10,0,246,217,29,0,0,0,246,0,28,33,87,42,24,0,0,32,246,0,67,137,28,14,0,246,16,149,81,0,0,0
"361090016003","Block Group 3, Census Tract 16, Tompkins County, New York","ny","150","00",,,,"36","109",,,"001600","3",,,,,,,,,,,,,,,,,,,,,,,,,,,,"Block Group 3",,,,1958,54,0,0,54,763,709,54,709,545,164,763,30056,1605,141.6526,11.3305358943748,1.41,825,665,160,164,0,0,10,36,0,51,12,0,10,45,164,10,45,62,30,17,0,164,155,9,0,0,0,164,0,3,64,29,30,21,0,0,17,164,0,47,69,31,17,0,164,0,105,59,0,0,0
"361090017001","Block Group 1, Census Tract 17, Tompkins County, New York","ny","150","00",,,,"36","109",,,"001700","1",,,,,,,,,,,,,,,,,,,,,,,,,,,,"Block Group 1",,,,1981,49,0,17,32,602,553,49,553,419,134,602,42538,1118,62.50603,17.8862728321521,1.47,543,537,6,134,0,26,9,0,45,30,0,12,0,12,134,12,35,51,6,6,24,134,125,9,0,0,0,134,0,19,0,50,45,8,0,6,6,134,0,45,30,47,12,0,134,52,38,32,12,0,0
"361090017002","Block Group 2, Census Tract 17, Tompkins County, New York","ny","150","00",,,,"36","109",,,"001700","2",,,,,,,,,,,,,,,,,,,,,,,,,,,,"Block Group 2",,,,1987,0,0,0,0,562,562,0,562,431,131,562,38647,1279,93.71154,13.6482655518095,1.63,760,760,0,131,0,11,31,29,32,5,23,0,0,0,131,0,56,50,25,0,0,131,94,37,0,0,0,131,0,9,21,40,44,0,6,11,0,131,0,9,89,33,0,0,131,14,38,68,11,0,0
"361090017003","Block Group 3, Census Tract 17, Tompkins County, New York","ny","150","00",,,,"36","109",,,"001700","3",,,,,,,,,,,,,,,,,,,,,,,,,,,,"Block Group 3",,,,1984,36,0,0,36,418,382,36,382,255,127,418,28163,1270,86.64943,14.656761344068,5.14,602,577,25,127,0,0,0,0,78,10,21,18,0,0,127,0,78,49,0,0,0,127,30,97,0,0,0,127,0,0,0,22,0,40,47,18,0,127,0,0,0,109,18,0,127,18,9,22,31,0,47
"361090018001","Block Group 1, Census Tract 18, Tompkins County, New York","ny","150","00",,,,"36","109",,,"001800","1",,,,,,,,,,,,,,,,,,,,,,,,,,,,"Block Group 1",,,,1982,0,0,0,0,865,865,0,865,626,239,865,30842,1865,78.43103,23.7788545738436,2.26,770,752,18,239,0,0,0,48,98,0,20,45,0,28,239,0,126,93,20,0,0,239,77,162,0,0,0,239,45,20,68,85,21,0,0,0,0,239,45,20,125,49,0,0,239,0,133,106,0,0,0
"361090018002","Block Group 2, Census Tract 18, Tompkins County, New York","ny","150","00",,,,"36","109",,,"001800","2",,,,,,,,,,,,,,,,,,,,,,,,,,,,"Block Group 2",,,,1983,93,51,0,42,929,836,93,836,628,208,929,35861,1900,163.088,11.6501543636496,1.61,1048,989,59,208,0,55,16,0,8,12,80,0,0,37,208,0,117,69,22,0,0,208,138,70,0,0,0,208,44,0,0,91,23,50,0,0,0,208,44,38,80,31,15,0,208,87,82,27,12,0,0
"361090018003","Block Group 3, Census Tract 18, Tompkins County, New York","ny","150","00",,,,"36","109",,,"001800","3",,,,,,,,,,,,,,,,,,,,,,,,,,,,"Block Group 3",,,,1975,0,0,0,0,546,546,0,546,399,147,546,48357,1114,39.3198,28.3317822321957,2.1,676,634,42,147,0,47,0,0,18,14,18,16,0,34,147,14,17,60,38,18,0,147,115,32,0,0,0,147,0,0,17,31,18,68,0,13,0,147,0,17,17,113,0,0,147,0,114,20,0,13,0
"361090019011","Block Group 1, Census Tract 19.01, Tompkins County, New York","ny","150","00",,,,"36","109",,,"001901","1",,,,,,,,,,,,,,,,,,,,,,,,,,,,"Block Group 1",,,,1983,0,0,0,0,596,596,0,596,322,274,596,55612,1163,35.0153,33.2140565902236,1.62,682,663,19,274,0,91,20,22,66,46,17,0,0,12,274,12,139,102,21,0,0,274,163,111,0,0,0,274,22,0,116,104,32,0,0,0,0,274,22,76,159,17,0,0,274,67,108,99,0,0,0
"361090019012","Block Group 2, Census Tract 19.01, Tompkins County, New York","ny","150","00",,,,"36","109",,,"001901","2",,,,,,,,,,,,,,,,,,,,,,,,,,,,"Block Group 2",,,,1968,66,0,0,66,809,743,66,743,522,221,809,40207,1694,64.7972,26.1431049101386,1.63,1052,1040,12,221,0,0,37,21,0,79,59,0,0,25,221,12,59,66,25,59,0,221,164,57,0,0,0,221,0,40,41,88,44,0,0,8,0,221,40,100,73,0,8,0,221,59,105,49,0,0,8
"361090019021","Block Group 1, Census Tract 19.02, Tompkins County, New York","ny","150","00",,,,"36","109",,,"001902","1",,,,,,,,,,,,,,,,,,,,,,,,,,,,"Block Group 1",,,,1978,49,0,0,49,636,587,49,587,429,158,636,53473,1209,48.30496,25.0284866184708,2.17,701,665,36,158,0,0,0,35,39,0,10,23,0,51,158,0,23,97,38,0,0,158,125,33,0,0,0,158,0,0,18,57,24,20,39,0,0,158,0,18,77,40,23,0,158,0,85,57,16,0,0
"361090019022","Block Group 2, Census Tract 19.02, Tompkins County, New York","ny","150","00",,,,"36","109",,,"001902","2",,,,,,,,,,,,,,,,,,,,,,,,,,,,"Block Group 2",,,,1979,55,0,0,55,930,875,55,875,718,157,930,48400,2121,111.0112,19.1061734648964,2.96,1070,1031,39,157,0,25,27,16,33,0,9,0,0,47,157,56,25,76,0,0,0,157,105,52,0,0,0,157,0,0,16,36,29,0,41,0,35,157,0,36,28,41,17,35,157,0,64,76,0,17,0
"361090020001","Block Group 1, Census Tract 20, Tompkins County, New York","ny","150","00",,,,"36","109",,,"002000","1",,,,,,,,,,,,,,,,,,,,,,,,,,,,"Block Group 1",,,,1978,73,0,0,73,678,605,73,605,341,264,678,23624,1919,311.8431,6.15373468911825,2.11,725,698,27,264,0,71,14,9,25,100,0,8,4,33,264,38,79,123,10,0,14,264,136,124,0,0,4,264,28,24,75,62,34,33,0,0,8,264,28,82,115,31,8,0,264,106,123,35,0,0,0
"361090020002","Block Group 2, Census Tract 20, Tompkins County, New York","ny","150","00",,,,"36","109",,,"002000","2",,,,,,,,,,,,,,,,,,,,,,,,,,,,"Block Group 2",,,,1977,40,0,0,40,644,604,40,604,509,95,644,49930,1351,272.8733,4.95101637536545,2.18,795,735,60,95,0,0,6,22,7,0,22,3,13,22,95,0,89,6,0,0,0,95,64,31,0,0,0,95,0,0,16,31,29,16,3,0,0,95,0,7,48,40,0,0,95,7,51,37,0,0,0
"361090020003","Block Group 3, Census Tract 20, Tompkins County, New York","ny","150","00",,,,"36","109",,,"002000","3",,,,,,,,,,,,,,,,,,,,,,,,,,,,"Block Group 3",,,,1978,29,0,5,24,532,503,29,503,369,134,532,46165,1110,109.175,10.1671583034362,2.13,553,533,20,134,0,0,0,26,15,18,0,36,10,29,134,0,62,32,25,15,0,134,94,40,0,0,0,134,0,0,33,25,0,20,26,0,30,134,0,33,31,70,0,0,134,29,95,0,0,10,0
"361090021001","Block Group 1, Census Tract 21, Tompkins County, New York","ny","150","00",,,,"36","109",,,"002100","1",,,,,,,,,,,,,,,,,,,,,,,,,,,,"Block Group 1",,,,1985,28,0,0,28,655,627,28,627,468,159,655,34363,1578,114.0742,13.8331081070646,2.23,870,870,0,159,0,0,0,78,40,27,0,4,0,10,159,14,79,19,35,12,0,159,53,106,0,0,0,159,0,0,78,18,63,0,0,0,0,159,0,22,112,25,0,0,159,4,54,61,40,0,0
"361090021002","Block Group 2, Census Tract 21, Tompkins County, New York","ny","150","00",,,,"36","109",,,"002100","2",,,,,,,,,,,,,,,,,,,,,,,,,,,,"Block Group 2",,,,1971,9,0,0,9,534,525,9,525,375,150,534,56516,1135,204.8095,5.5417345562991,1.68,717,655,62,150,0,0,0,25,1,49,5,3,25,42,150,0,51,67,0,16,16,150,143,7,0,0,0,150,3,25,18,42,8,2,40,0,12,150,28,18,52,16,24,12,150,29,73,24,24,0,0
"361090021003","Block Group 3, Census Tract 21, Tompkins County, New York","ny","150","00",,,,"36","109",,,"002100","3",,,,,,,,,,,,,,,,,,,,,,,,,,,,"Block Group 3",,,,1983,55,0,0,55,905,850,55,850,583,267,905,41058,1896,131.7673,14.3890072077554,1.68,1072,868,204,267,0,9,14,19,145,67,11,0,0,2,267,2,66,54,145,0,0,267,242,25,0,0,0,267,0,13,18,196,15,23,0,0,2,267,0,22,231,12,2,0,267,151,38,78,0,0,0
"361090022001","Block Group 1, Census Tract 22, Tompkins County, New York","ny","150","00",,,,"36","109",,,"002200","1",,,,,,,,,,,,,,,,,,,,,,,,,,,,"Block Group 1",,,,1980,0,0,0,0,722,722,0,722,460,262,722,27181,1790,102.0303,17.5438079249788,3.23,793,784,9,262,0,137,0,46,12,0,31,3,0,33,262,21,150,65,8,18,0,262,59,203,0,0,0,262,0,8,31,28,6,25,153,11,0,262,0,8,68,36,150,0,262,14,52,168,21,7,0
"361090022002","Block Group 2, Census Tract 22, Tompkins County, New York","ny","150","00",,,,"36","109",,,"002200","2",,,,,,,,,,,,,,,,,,,,,,,,,,,,"Block Group 2",,,,1944,87,0,9,78,553,466,87,466,293,173,553,30113,1146,810.2449,1.41438724812625,1.97,565,550,15,173,0,0,6,18,12,22,11,9,3,92,173,23,78,64,0,8,0,173,95,78,0,0,0,173,0,31,34,39,44,7,6,0,12,173,0,71,66,32,0,4,173,17,89,63,0,0,4
"361090022003","Block Group 3, Census Tract 22, Tompkins County, New York","ny","150","00",,,,"36","109",,,"002200","3",,,,,,,,,,,,,,,,,,,,,,,,,,,,"Block Group 3",,,,1947,41,0,0,41,731,690,41,690,484,206,731,39958,1487,127.4735,11.665172193848,1.67,821,793,28,206,0,0,0,11,8,65,22,19,0,81,206,18,43,122,14,9,0,206,140,66,0,0,0,206,13,6,91,37,5,35,19,0,0,206,13,104,75,5,9,0,206,79,113,0,14,0,0
"361090023001","Block Group 1, Census Tract 23, Tompkins County, New York","ny","150","00",,,,"36","109",,,"002300","1",,,,,,,,,,,,,,,,,,,,,,,,,,,,"Block Group 1",,,,1979,0,0,0,0,1085,1085,0,1085,1033,52,1085,36125,2679,93.78912,28.5640829223919,4.37,1350,1251,99,52,0,0,0,0,0,52,0,0,0,0,52,0,0,36,0,16,0,52,42,9,1,0,0,52,0,1,0,21,0,30,0,0,0,52,0,1,21,30,0,0,52,0,22,30,0,0,0
"361090023002","Block Group 2, Census Tract 23, Tompkins County, New York","ny","150","00",,,,"36","109",,,"002300","2",,,,,,,,,,,,,,,,,,,,,,,,,,,,"Block Group 2",,,,1966,33,0,0,33,684,651,33,651,563,88,684,60666,1625,81.57356,19.9206699027177,2.25,856,856,0,88,0,0,13,0,0,0,34,41,0,0,88,13,24,41,10,0,0,88,60,28,0,0,0,88,0,0,15,22,41,0,0,10,0,88,0,0,78,0,10,0,88,0,63,25,0,0,0
"361090023003","Block Group 3, Census Tract 23, Tompkins County, New York","ny","150","00",,,,"36","109",,,"002300","3",,,,,,,,,,,,,,,,,,,,,,,,,,,,"Block Group 3",,,,1982,34,0,34,0,721,687,34,687,612,75,721,55135,1507,88.33078,17.0608697800916,2.64,743,724,19,75,0,0,0,0,32,0,0,26,0,17,75,16,32,27,0,0,0,75,48,27,0,0,0,75,0,0,26,16,32,0,0,1,0,75,0,42,0,32,1,0,75,0,17,58,0,0,0
